id,name,email,contactno
10113,Jerry Ugo,jugo2@statcounter.com,+91-110-675-7613
14050,Everard Swetland,eswetland3@vk.com,+91-979-195-6946
14327,Lamar Guest,lguest4@ox.ac.uk,+91-112-751-4586
17090,Selestina Ranaghan,sranaghan5@earthlink.net,+91-992-901-8163
17611,Titus Codner,tcodner0@nbcnews.com,+91-142-495-5156
17722,Gard Pavis,gpavis1@macromedia.com,+91-428-588-0295
18118,Bartolemo Ozelton,bozelton6@wisc.edu,+91-106-750-3845
23147,Hestia Wilkins,hwilkins7@phpbb.com,+91-142-110-6253
23371,Jilleen Carpenter,jcarpenter8@google.es,+91-250-846-4451
23681,Pammy Bondy,pbondy9@skype.com,+91-520-522-0424
26705,Rex Cooke,rcookea@sogou.com,+91-521-870-8907
33224,Karyn Smaleman,ksmalemanb@cornell.edu,+91-879-484-5626
33320,Olva Sproule,osprouleo@yahoo.co.jp,+91-765-754-6911
40828,Whitney Aprahamian,waprahamianc@alibaba.com,+91-299-729-5872
44014,Wilmer Tidder,wtidderd@symantec.com,+91-913-630-1855
45000,Giordano Beamish,gbeamishe@ning.com,+91-749-881-8569
48055,Brannon Yashaev,byashaevf@goo.gl,+91-894-188-9488
56432,Vilhelmina Troni,vtronig@reuters.com,+91-657-863-5112
56810,Carley Castanho,ccastanhoh@zdnet.com,+91-145-512-0418
64890,Karry Gilbey,kgilbeyi@tripod.com,+91-864-933-5055
70554,Page Buglar,pbuglarj@spiegel.de,+91-319-579-0460
76649,Harriet Rudiger,hrudigerk@so-net.ne.jp,+91-318-168-0352
80570,Weylin Stonary,wstonaryl@slate.com,+91-974-323-1646
80738,Boyce Mordey,bmordeym@amazon.co.jp,+91-986-499-1957
92688,Gardener Oldaker,goldakern@ezinearticles.com,+91-424-869-0985
